issue date,release date,company,file number,url,comment
2020-03-04,2024-01-10,Google,508732,https://storage.googleapis.com/transparencyreport/legal/NSLs/20-508732/NSL-20-508732-request-redacted.pdf,
2014-11-24,2023-12-04,Google,403836,https://storage.googleapis.com/transparencyreport/legal/NSLs/14-403836/NSL-14-403836-request-redacted.pdf,
2019-11-15,2023-11-29,Google,492212,https://storage.googleapis.com/transparencyreport/legal/NSLs/19-492212/NSL-19-492212-request-redacted.pdf,
2014-10-06,2023-11-27,Google,397200,https://storage.googleapis.com/transparencyreport/legal/NSLs/14-397200/NSL-14-397200-request-redacted.pdf,
2017-05-08,2023-10-23,Google,429526,https://storage.googleapis.com/transparencyreport/legal/NSLs/17-429526/NSL-17-429526-request-redacted.pdf,
2021-10-19,2023-10-16,Google,542008,https://storage.googleapis.com/transparencyreport/legal/NSLs/21-542008/NSL-21-542008-request-redacted.pdf,
2020-07-28,2023-10-06,Google,517093,https://storage.googleapis.com/transparencyreport/legal/NSLs/20-517093/NSL-20-517093-request-redacted.pdf,
2020-10-22,2023-10-03,Google,521515,https://storage.googleapis.com/transparencyreport/legal/NSLs/20-521515/NSL-20-521515-request-redacted.pdf,
2022-05-26,2023-10-02,Google,546665,https://storage.googleapis.com/transparencyreport/legal/NSLs/22-546665/NSL-22-546665-request-redacted.pdf,
2021-11-10,2023-09-27,Google,542755,https://storage.googleapis.com/transparencyreport/legal/NSLs/21-542755/NSL-21-542755-request-redacted.pdf,
2021-03-02,2023-09-22,Google,533612,https://storage.googleapis.com/transparencyreport/legal/NSLs/21-533612/NSL-21-533612-request-redacted.pdf,
2021-12-21,2023-09-22,Google,543479,https://storage.googleapis.com/transparencyreport/legal/NSLs/21-543479/NSL-21-543479-request-redacted.pdf,
2021-05-17,2023-09-12,Google,539034,https://storage.googleapis.com/transparencyreport/legal/NSLs/21-539034/NSL-21-539034-request-redacted.pdf,
2021-04-19,2023-09-11,Google,538556,https://storage.googleapis.com/transparencyreport/legal/NSLs/21-538556/NSL-21-538556-request-redacted.pdf,
2021-04-19,2023-09-11,Google,538556-2,https://storage.googleapis.com/transparencyreport/legal/NSLs/21-538556-2/NSL-21-538556-2-request-redacted.pdf,
2022-03-28,2023-08-28,Google,545298,https://storage.googleapis.com/transparencyreport/legal/NSLs/22-545298/NSL-22-545298-request-redacted.pdf,
2021-08-03,2023-08-21,Google,540756,https://storage.googleapis.com/transparencyreport/legal/NSLs/21-540756/NSL-21-540756-request-redacted.pdf,
2021-11-19,2023-08-21,Google,542950,https://storage.googleapis.com/transparencyreport/legal/NSLs/21-542950/NSL-21-542950-request-redacted.pdf,
2020-02-05,2023-07-31,Google,506439,https://storage.googleapis.com/transparencyreport/legal/NSLs/20-506439/NSL-20-506439-request-redacted.pdf,
2022-05-26,2023-07-21,Google,546671,https://storage.googleapis.com/transparencyreport/legal/NSLs/22-546671/NSL-22-546671-request-redacted.pdf,
2022-05-26,2023-07-21,Google,546672,https://storage.googleapis.com/transparencyreport/legal/NSLs/22-546672/NSL-22-546672-request-redacted.pdf,
2022-05-26,2023-07-21,Google,546674,https://storage.googleapis.com/transparencyreport/legal/NSLs/22-546674/NSL-22-546674-request-redacted.pdf,
2022-05-26,2023-07-21,Google,546675,https://storage.googleapis.com/transparencyreport/legal/NSLs/22-546675/NSL-22-546675-request-redacted.pdf,
2022-05-26,2023-07-21,Google,546677,https://storage.googleapis.com/transparencyreport/legal/NSLs/22-546677/NSL-22-546677-request-redacted.pdf,
2022-05-26,2023-07-21,Google,546713,https://storage.googleapis.com/transparencyreport/legal/NSLs/22-546713/NSL-22-546713-request-redacted.pdf,
2022-05-26,2023-07-21,Google,546752,https://storage.googleapis.com/transparencyreport/legal/NSLs/22-546752/NSL-22-546752-request-redacted.pdf,
2022-05-31,2023-07-21,Google,546768,https://storage.googleapis.com/transparencyreport/legal/NSLs/22-546768/NSL-22-546768-request-redacted.pdf,
2022-06-07,2023-07-21,Google,546804,https://storage.googleapis.com/transparencyreport/legal/NSLs/22-546804/NSL-22-546804-request-redacted.pdf,
2022-06-07,2023-07-21,Google,546812,https://storage.googleapis.com/transparencyreport/legal/NSLs/22-546812/NSL-22-546812-request-redacted.pdf,
2022-06-07,2023-07-21,Google,546813,https://storage.googleapis.com/transparencyreport/legal/NSLs/22-546813/NSL-22-546813-request-redacted.pdf,
2022-06-07,2023-07-21,Google,546815,https://storage.googleapis.com/transparencyreport/legal/NSLs/22-546815/NSL-22-546815-request-redacted.pdf,
2022-06-07,2023-07-21,Google,546816,https://storage.googleapis.com/transparencyreport/legal/NSLs/22-546816/NSL-22-546816-request-redacted.pdf,
2022-06-07,2023-07-21,Google,546817,https://storage.googleapis.com/transparencyreport/legal/NSLs/22-546817/NSL-22-546817-request-redacted.pdf,
2022-06-24,2023-07-21,Google,547231,https://storage.googleapis.com/transparencyreport/legal/NSLs/22-547231/NSL-22-547231-request-redacted.pdf,
2022-05-26,2023-07-19,Google,546686,https://storage.googleapis.com/transparencyreport/legal/NSLs/22-546686/NSL-22-546686-request-redacted.pdf,
2022-05-26,2023-07-19,Google,546687,https://storage.googleapis.com/transparencyreport/legal/NSLs/22-546687/NSL-22-546687-request-redacted.pdf,
2022-05-26,2023-07-19,Google,546711,https://storage.googleapis.com/transparencyreport/legal/NSLs/22-546711/NSL-22-546711-request-redacted.pdf,
2023-05-26,2023-07-19,Google,546712,https://storage.googleapis.com/transparencyreport/legal/NSLs/22-546712/NSL-22-546712-request-redacted.pdf,
2022-05-26,2023-07-19,Google,546767,https://storage.googleapis.com/transparencyreport/legal/NSLs/22-546767/NSL-22-546767-request-redacted.pdf,
2016-12-22,2023-07-13,Google,426847,https://storage.googleapis.com/transparencyreport/legal/NSLs/16-426847/NSL-16-426847-request-redacted.pdf,
2017-04-27,2023-07-13,Google,429580,https://storage.googleapis.com/transparencyreport/legal/NSLs/17-429580/NSL-17-429580-request-redacted.pdf,
2021-04-27,2023-07-06,Google,536533,https://storage.googleapis.com/transparencyreport/legal/NSLs/21-536533/NSL-21-536533-request-redacted.pdf,
2021-09-08,2023-06-05,Google,540655,https://storage.googleapis.com/transparencyreport/legal/NSLs/21-540655/NSL-21-540655-request-redacted.pdf,
2012-08-09,2023-05-02,Google,353891,https://storage.googleapis.com/transparencyreport/legal/NSLs/12-353891/NSL-12-353891-request-redacted.pdf,
2013-08-31,2023-05-02,Google,372448,https://storage.googleapis.com/transparencyreport/legal/NSLs/13-372448/NSL-13-372448-request-redacted.pdf,
2015-12-07,2023-04-20,Google,419455,https://storage.googleapis.com/transparencyreport/legal/NSLs/15-419455/NSL-15-419455-request-redacted.pdf,
2018-10-29,2023-04-05,Google,461627,https://storage.googleapis.com/transparencyreport/legal/NSLs/18-461627/NSL-18-461627-request-redacted.pdf,
2020-02-24,2023-03-10,Google,508618,https://storage.googleapis.com/transparencyreport/legal/NSLs/20-508618/NSL-20-508618-request-redacted.pdf,
2020-08-03,2023-03-08,Google,518212,https://storage.googleapis.com/transparencyreport/legal/NSLs/20-518212/NSL-20-518212-request-redacted.pdf,
2016-08-29,2023-02-27,Google,424330,https://storage.googleapis.com/transparencyreport/legal/NSLs/16-424330/NSL-16-424330-request-redacted.pdf,
2017-01-11,2023-02-17,Google,427211,https://storage.googleapis.com/transparencyreport/legal/NSLs/17-427211/NSL-17-427211-request-redacted.pdf,
2017-01-20,2023-02-17,Google,427426,https://storage.googleapis.com/transparencyreport/legal/NSLs/17-427426/NSL-17-427426-request-redacted.pdf,
2017-02-03,2023-02-17,Google,427772,https://storage.googleapis.com/transparencyreport/legal/NSLs/17-427772/NSL-17-427772-request-redacted.pdf,
2011-06-13,2023-02-15,Google,334467,https://storage.googleapis.com/transparencyreport/legal/NSLs/11-334467/NSL-11-334467-request-redacted.pdf,
2019-12-09,2023-02-06,Google,498972,https://storage.googleapis.com/transparencyreport/legal/NSLs/19-498972/NSL-19-498972-request-redacted.pdf,
2019-09-05,2023-02-03,Google,496932,https://storage.googleapis.com/transparencyreport/legal/NSLs/19-496932/NSL-19-496932-request-redacted.pdf,
2020-02-23,2023-02-03,Google,507535,https://storage.googleapis.com/transparencyreport/legal/NSLs/20-507535/NSL-20-507535-request-redacted.pdf,
2021-03-24,2023-02-02,Google,535052,https://storage.googleapis.com/transparencyreport/legal/NSLs/21-535052/NSL-21-535052-request-redacted.pdf,
2021-04-09,2023-02-02,Google,538177,https://storage.googleapis.com/transparencyreport/legal/NSLs/21-538177/NSL-21-538177-request-redacted.pdf,
2020-03-03,2023-01-27,Google,507154,https://storage.googleapis.com/transparencyreport/legal/NSLs/20-507154/NSL-20-507154-request-redacted.pdf,
2020-08-24,2023-01-27,Google,516032,https://storage.googleapis.com/transparencyreport/legal/NSLs/20-516032/NSL-20-516032-request-redacted.pdf,
2020-10-13,2023-01-27,Google,521393,https://storage.googleapis.com/transparencyreport/legal/NSLs/20-521393/NSL-20-521393-request-redacted.pdf,
2021-02-24,2023-01-27,Google,528192,https://storage.googleapis.com/transparencyreport/legal/NSLs/21-528192/NSL-21-528192-request-redacted.pdf,
2019-06-04,2023-01-24,Google,483887,https://storage.googleapis.com/transparencyreport/legal/NSLs/19-483887/NSL-19-483887-request-redacted.pdf,
2022-06-06,2022-12-28,Google,546869,https://storage.googleapis.com/transparencyreport/legal/NSLs/22-546869/NSL-22-546869-request-redacted.pdf,
2021-02-04,2022-12-21,Google,529372,https://storage.googleapis.com/transparencyreport/legal/NSLs/21-529372/NSL-21-529372-request-redacted.pdf,
2021-02-02,2022-12-20,Google,525232(a),https://storage.googleapis.com/transparencyreport/legal/NSLs/20-525232(a)/NSL-20-525232(a)-request-redacted.pdf,
2021-02-02,2022-12-20,Google,525232(b),https://storage.googleapis.com/transparencyreport/legal/NSLs/20-525232(b)/NSL-20-525232(b)-request-redacted.pdf,
2020-08-18,2022-12-13,Google,518093,https://storage.googleapis.com/transparencyreport/legal/NSLs/20-518093/NSL-20-518093-request-redacted.pdf,
2018-12-14,2022-12-06,Google,465938,https://storage.googleapis.com/transparencyreport/legal/NSLs/18-465938/NSL-18-465938-request-redacted.pdf,
2019-06-24,2022-12-06,Google,486847,https://storage.googleapis.com/transparencyreport/legal/NSLs/19-486847/NSL-19-486847-request-redacted.pdf,
2018-12-20,2022-11-28,Google,462834,https://storage.googleapis.com/transparencyreport/legal/NSLs/18-462834/NSL-18-462834-request-redacted.pdf,
2016-03-17,2022-11-09,Google,421424,https://storage.googleapis.com/transparencyreport/legal/NSLs/16-421424/NSL-16-421424-request-redacted.pdf,
2022-04-15,2022-11-09,Google,545835,https://storage.googleapis.com/transparencyreport/legal/NSLs/22-545835/NSL-22-545835-request-redacted.pdf,
2019-05-05,2022-11-08,Google,480650,https://storage.googleapis.com/transparencyreport/legal/NSLs/19-480650/NSL-19-480650-request-redacted.pdf,
2022-03-10,2022-11-07,Google,545099,https://storage.googleapis.com/transparencyreport/legal/NSLs/22-545099/NSL-22-545099-request-redacted.pdf,
2019-02-12,2022-11-02,Google,468627,https://storage.googleapis.com/transparencyreport/legal/NSLs/19-468627/NSL-19-468627-request-redacted.pdf,
2015-06-08,2022-11-01,Google,415616,https://storage.googleapis.com/transparencyreport/legal/NSLs/15-415616/NSL-15-415616-request-redacted.pdf,
2015-09-21,2022-11-01,Google,417077,https://storage.googleapis.com/transparencyreport/legal/NSLs/15-417077/NSL-15-417077-request-redacted.pdf,
2017-04-12,2022-10-27,Google,428937,https://storage.googleapis.com/transparencyreport/legal/NSLs/17-428937/NSL-17-428937-request-redacted.pdf,
2016-01-15,2022-10-26,Google,419402 (b),https://storage.googleapis.com/transparencyreport/legal/NSLs/15-419402%20(b)/NSL-15-419402%20(b)-request-redacted.pdf,
2016-01-15,2022-10-26,Google,419402(a),https://storage.googleapis.com/transparencyreport/legal/NSLs/15-419402(a)/NSL-15-419402(a)-request-redacted.pdf,
2019-04-16,2022-10-04,Google,478371,https://storage.googleapis.com/transparencyreport/legal/NSLs/19-478371/NSL-19-478371-request-redacted.pdf,
2017-05-12,2022-09-27,Google,429795,https://storage.googleapis.com/transparencyreport/legal/NSLs/17-429795/NSL-17-429795-request-redacted.pdf,
2021-03-26,2022-09-20,Google,536932,https://storage.googleapis.com/transparencyreport/legal/NSLs/21-536932/NSL-21-536932-request-redacted.pdf,
2021-04-20,2022-09-20,Google,538486,https://storage.googleapis.com/transparencyreport/legal/NSLs/21-538486/NSL-21-538486-request-redacted.pdf,
2017-06-19,2022-09-13,Google,430196,https://storage.googleapis.com/transparencyreport/legal/NSLs/17-430196/NSL-17-430196-request-redacted.pdf,
2019-06-02,2022-09-06,Google,482527,https://storage.googleapis.com/transparencyreport/legal/NSLs/19-482527/NSL-19-482527-request-redacted.pdf,
2019-11-18,2022-08-26,Google,501598,https://storage.googleapis.com/transparencyreport/legal/NSLs/19-501598/NSL-19-501598-request-redacted.pdf,
2014-04-11,2022-08-16,Google,384076,https://storage.googleapis.com/transparencyreport/legal/NSLs/14-384076/NSL-14-384076-request-redacted.pdf,
2021-09-16,2022-08-15,Google,541560,https://storage.googleapis.com/transparencyreport/legal/NSLs/21-541560/NSL-21-541560-request-redacted.pdf,
2019-07-02,2022-07-19,Google,486387,https://storage.googleapis.com/transparencyreport/legal/NSLs/19-486387/NSL-19-486387-request-redacted.pdf,
2013-01-11,2022-07-12,Google,360551,https://storage.googleapis.com/transparencyreport/legal/NSLs/13-360551/NSL-13-360551-request-redacted.pdf,
2016-12-12,2022-06-06,Google,425566,https://storage.googleapis.com/transparencyreport/legal/NSLs/16-425566/NSL-16-425566-request-redacted.pdf,
2017-07-18,2022-06-06,Google,426958(a),https://storage.googleapis.com/transparencyreport/legal/NSLs/16-426958(a)/NSL-16-426958(a)-request-redacted.pdf,
2017-07-18,2022-06-06,Google,426958(b),https://storage.googleapis.com/transparencyreport/legal/NSLs/16-426958(b)/NSL-16-426958(b)-request-redacted.pdf,
2020-05-05,2022-06-02,Google,511736,https://storage.googleapis.com/transparencyreport/legal/NSLs/20-511736/NSL-20-511736-request-redacted.pdf,
2020-10-21,2022-05-19,Google,520999,https://storage.googleapis.com/transparencyreport/legal/NSLs/20-520999/NSL-20-520999-request-redacted.pdf,
2019-01-15,2022-05-10,Google,466427,https://storage.googleapis.com/transparencyreport/legal/NSLs/18-466427/NSL-18-466427-request-redacted.pdf,
2020-08-26,2022-05-03,Google,520092,https://storage.googleapis.com/transparencyreport/legal/NSLs/20-520092/NSL-20-520092-request-redacted.pdf,
2014-11-07,2022-04-25,Google,397674,https://storage.googleapis.com/transparencyreport/legal/NSLs/14-397674/NSL-14-397674-request-redacted.pdf,
2015-11-19,2022-04-25,Google,419360,https://storage.googleapis.com/transparencyreport/legal/NSLs/15-419360/NSL-15-419360-request-redacted.pdf,
2016-03-31,2022-04-25,Google,421621,https://storage.googleapis.com/transparencyreport/legal/NSLs/16-421621/NSL-16-421621-request-redacted.pdf,
2016-05-20,2022-04-25,Google,422691,https://storage.googleapis.com/transparencyreport/legal/NSLs/16-422691/NSL-16-422691-request-redacted.pdf,
2016-07-20,2022-04-25,Google,423572,https://storage.googleapis.com/transparencyreport/legal/NSLs/16-423572/NSL-16-423572-request-redacted.pdf,
2021-03-18,2022-04-25,Google,536833,https://storage.googleapis.com/transparencyreport/legal/NSLs/21-536833/NSL-21-536833-request-redacted.pdf,
2021-05-07,2022-04-25,Google,538669,https://storage.googleapis.com/transparencyreport/legal/NSLs/21-538669/NSL-21-538669-request-redacted.pdf,
2021-09-15,2022-04-09,Google,541333,https://storage.googleapis.com/transparencyreport/legal/NSLs/21-541333/NSL-21-541333-request-redacted.pdf,
2019-01-09,2022-04-06,Google,467961,https://storage.googleapis.com/transparencyreport/legal/NSLs/19-467961/NSL-19-467961-request-redacted.pdf,
2019-07-23,2022-03-30,Google,489147,https://storage.googleapis.com/transparencyreport/legal/NSLs/19-489147/NSL-19-489147-request-redacted.pdf,
2019-10-15,2022-03-30,Google,499001,https://storage.googleapis.com/transparencyreport/legal/NSLs/19-499001/NSL-19-499001-request-redacted.pdf,
2019-10-15,2022-03-30,Google,499053,https://storage.googleapis.com/transparencyreport/legal/NSLs/19-499053/NSL-19-499053-request-redacted.pdf,
2019-10-30,2022-03-30,Google,500032,https://storage.googleapis.com/transparencyreport/legal/NSLs/19-500032/NSL-19-500032-request-redacted.pdf,
2011-11-01,2022-03-23,Google,342366,https://storage.googleapis.com/transparencyreport/legal/NSLs/11-342366/NSL-11-342366-request-redacted.pdf,
2011-12-28,2022-03-23,Google,344313,https://storage.googleapis.com/transparencyreport/legal/NSLs/11-344313/NSL-11-344313-request-redacted.pdf,
2020-12-03,2022-03-18,Google,523680,https://storage.googleapis.com/transparencyreport/legal/NSLs/20-523680/NSL-20-523680-request-redacted.pdf,
2015-09-04,2022-03-14,Google,418095,https://storage.googleapis.com/transparencyreport/legal/NSLs/15-418095/NSL-15-418095-request-redacted.pdf,
2011-08-31,2022-03-08,Google,338847,https://storage.googleapis.com/transparencyreport/legal/NSLs/11-338847/NSL-11-338847-request-redacted.pdf,
2015-12-15,2022-03-04,Google,419223,https://storage.googleapis.com/transparencyreport/legal/NSLs/15-419223/NSL-15-419223-request-redacted.pdf,
2013-02-07,2022-03-02,Google,362610,https://storage.googleapis.com/transparencyreport/legal/NSLs/13-362610/NSL-13-362610-request-redacted.pdf,
2020-03-05,2022-01-24,Google,509094,https://storage.googleapis.com/transparencyreport/legal/NSLs/20-509094/NSL-20-509094-request-redacted.pdf,
2019-09-10,2022-01-06,Google,494513,https://storage.googleapis.com/transparencyreport/legal/NSLs/19-494513/NSL-19-494513-request-redacted.pdf,
2017-05-08,2021-12-28,Google,429683,https://storage.googleapis.com/transparencyreport/legal/NSLs/17-429683/NSL-17-429683-request-redacted.pdf,
2015-03-20,2021-12-16,Google,413278,https://storage.googleapis.com/transparencyreport/legal/NSLs/15-413278/NSL-15-413278-request-redacted.pdf,
2015-06-24,2021-12-16,Google,415945,https://storage.googleapis.com/transparencyreport/legal/NSLs/15-415945/NSL-15-415945-request-redacted.pdf,
2016-11-28,2021-12-16,Google,426304,https://storage.googleapis.com/transparencyreport/legal/NSLs/16-426304/NSL-16-426304-request-redacted.pdf,
2016-11-28,2021-12-16,Google,426311,https://storage.googleapis.com/transparencyreport/legal/NSLs/16-426311/NSL-16-426311-request-redacted.pdf,
2016-11-28,2021-12-16,Google,426330,https://storage.googleapis.com/transparencyreport/legal/NSLs/16-426330/NSL-16-426330-request-redacted.pdf,
2021-04-25,2021-11-30,Google,527897,https://storage.googleapis.com/transparencyreport/legal/NSLs/21-527897/NSL-21-527897-request-redacted.pdf,
2020-03-31,2021-10-06,Google,509924,https://storage.googleapis.com/transparencyreport/legal/NSLs/20-509924/NSL-20-509924-request-redacted.pdf,
2019-07-11,2021-09-16,Google,489668,https://storage.googleapis.com/transparencyreport/legal/NSLs/19-489668/NSL-19-489668-request-redacted.pdf,
2019-11-05,2021-09-16,Google,501392,https://storage.googleapis.com/transparencyreport/legal/NSLs/19-501392/NSL-19-501392-request-redacted.pdf,
2015-04-27,2021-09-03,Google,414420,https://storage.googleapis.com/transparencyreport/legal/NSLs/15-414420/NSL-15-414420-request-redacted.pdf,
2019-10-09,2021-08-18,Google,499418,https://storage.googleapis.com/transparencyreport/legal/NSLs/19-499418/NSL-19-499418-request-redacted.pdf,
2018-05-16,2021-08-16,Google,448908,https://storage.googleapis.com/transparencyreport/legal/NSLs/18-448908/NSL-18-448908-request-redacted.pdf,
2018-09-10,2021-07-27,Google,455369,https://storage.googleapis.com/transparencyreport/legal/NSLs/18-455369/NSL-18-455369-request-redacted.pdf,
2018-11-21,2021-07-27,Google,461230,https://storage.googleapis.com/transparencyreport/legal/NSLs/18-461230/NSL-18-461230-request-redacted.pdf,
2014-10-29,2021-07-21,Google,398382,https://storage.googleapis.com/transparencyreport/legal/NSLs/14-398382/NSL-14-398382-request-redacted.pdf,
2011-03-08,2021-07-19,Google,325536,https://storage.googleapis.com/transparencyreport/legal/NSLs/11-325536/NSL-11-325536-request-redacted.pdf,
2012-05-09,2021-07-19,Google,349927,https://storage.googleapis.com/transparencyreport/legal/NSLs/12-349927/NSL-12-349927-request-redacted.pdf,
2013-07-10,2021-06-28,Google,370091,https://storage.googleapis.com/transparencyreport/legal/NSLs/13-370091/NSL-13-370091-request-redacted.pdf,
2013-11-14,2021-06-28,Google,376261,https://storage.googleapis.com/transparencyreport/legal/NSLs/13-376261/NSL-13-376261-request-redacted.pdf,
2021-03-04,2021-06-08,Google,532552,https://storage.googleapis.com/transparencyreport/legal/NSLs/21-532552/NSL-21-532552-request-redacted.pdf,
2019-04-16,2021-05-28,Google,472409,https://storage.googleapis.com/transparencyreport/legal/NSLs/19-472409/NSL-19-472409-request-redacted.pdf,
2019-10-03,2021-05-17,Google,496252,https://storage.googleapis.com/transparencyreport/legal/NSLs/19-496252/NSL-19-496252-request-redacted.pdf,
2017-08-06,2021-04-29,Google,431485,https://storage.googleapis.com/transparencyreport/legal/NSLs/17-431485/NSL-17-431485-request-redacted.pdf,
2019-05-20,2021-04-26,Google,480569,https://storage.googleapis.com/transparencyreport/legal/NSLs/19-480569/NSL-19-480569-request-redacted.pdf,
2013-12-11,2021-04-22,Google,377056,https://storage.googleapis.com/transparencyreport/legal/NSLs/13-377056/NSL-13-377056-request-redacted.pdf,
2014-04-25,2021-04-22,Google,385446,https://storage.googleapis.com/transparencyreport/legal/NSLs/14-385446/NSL-14-385446-request-redacted.pdf,
2012-10-26,2021-03-30,Google,357019,https://storage.googleapis.com/transparencyreport/legal/NSLs/12-357019/NSL-12-357019-request-redacted.pdf,
2019-02-12,2021-03-29,Google,470447,https://storage.googleapis.com/transparencyreport/legal/NSLs/19-470447/NSL-19-470447-request-redacted.pdf,
2012-02-15,2021-03-26,Google,346362,https://storage.googleapis.com/transparencyreport/legal/NSLs/12-346362/NSL-12-346362-request-redacted.pdf,
2013-06-18,2021-03-26,Google,368998,https://storage.googleapis.com/transparencyreport/legal/NSLs/13-368998/NSL-13-368998-request-redacted.pdf,
2017-12-26,2021-03-26,Google,435703,https://storage.googleapis.com/transparencyreport/legal/NSLs/17-435703/NSL-17-435703-request-redacted.pdf,
2015-08-20,2021-03-17,Google,416625,https://storage.googleapis.com/transparencyreport/legal/NSLs/15-416625/NSL-15-416625-request-redacted.pdf,
2017-12-21,2021-03-08,Google,434843,https://storage.googleapis.com/transparencyreport/legal/NSLs/17-434843/NSL-17-434843-request-redacted.pdf,
2016-07-22,2021-02-21,Google,423497,https://storage.googleapis.com/transparencyreport/legal/NSLs/16-423497/NSL-16-423497-request-redacted.pdf,
2020-03-12,2021-02-12,Google,508593,https://storage.googleapis.com/transparencyreport/legal/NSLs/20-508593/NSL-20-508593-request-redacted.pdf,
2018-09-04,2021-02-11,Google,456329,https://storage.googleapis.com/transparencyreport/legal/NSLs/18-456329/NSL-18-456329-request-redacted.pdf,
2018-11-07,2021-02-11,Google,462728,https://storage.googleapis.com/transparencyreport/legal/NSLs/18-462728/NSL-18-462728-request-redacted.pdf,
2020-05-14,2021-02-05,Google,508552,https://storage.googleapis.com/transparencyreport/legal/NSLs/20-508552/NSL-20-508552-request-redacted.pdf,
2019-07-07,2021-02-03,Google,473948,https://storage.googleapis.com/transparencyreport/legal/NSLs/19-473948/NSL-19-473948-request-redacted.pdf,
2012-10-01,2021-01-20,Google,356022,https://storage.googleapis.com/transparencyreport/legal/NSLs/12-356022/NSL-12-356022-request-redacted.pdf,
2012-11-14,2021-01-20,Google,357569,https://storage.googleapis.com/transparencyreport/legal/NSLs/12-357569/NSL-12-357569-request-redacted.pdf,
2015-03-16,2021-01-06,Google,412886,https://storage.googleapis.com/transparencyreport/legal/NSLs/15-412886/NSL-15-412886-request-redacted.pdf,
2017-09-18,2021-01-04,Google,432056,https://storage.googleapis.com/transparencyreport/legal/NSLs/17-432056/NSL-17-432056-request-redacted.pdf,
2018-03-29,2021-01-04,Google,440140,https://storage.googleapis.com/transparencyreport/legal/NSLs/18-440140/NSL-18-440140-request-redacted.pdf,
2018-03-02,2020-12-17,Google,440570,https://storage.googleapis.com/transparencyreport/legal/NSLs/18-440570/NSL-18-440570-request-redacted.pdf,
2018-04-24,2020-12-02,Google,444387,https://storage.googleapis.com/transparencyreport/legal/NSLs/18-444387/NSL-18-444387-request-redacted.pdf,
2019-02-13,2020-11-30,Google,471947,https://storage.googleapis.com/transparencyreport/legal/NSLs/19-471947/NSL-19-471947-request-redacted.pdf,
2017-06-06,2020-11-20,Google,429459,https://storage.googleapis.com/transparencyreport/legal/NSLs/17-429459/NSL-17-429459-request-redacted.pdf,
2017-06-26,2020-11-19,Google,430136,https://storage.googleapis.com/transparencyreport/legal/NSLs/17-430136/NSL-17-430136-request-redacted.pdf,
2018-11-27,2020-11-04,Google,457728,https://storage.googleapis.com/transparencyreport/legal/NSLs/18-457728/NSL-18-457728-request-redacted.pdf,
2018-09-28,2020-10-20,Google,458927,https://storage.googleapis.com/transparencyreport/legal/NSLs/18-458927/NSL-18-458927-request-redacted.pdf,
2019-04-05,2020-10-11,Google,478589,https://storage.googleapis.com/transparencyreport/legal/NSLs/19-478589/NSL-19-478589-request-redacted.pdf,
2016-01-11,2020-10-08,Google,420184,https://storage.googleapis.com/transparencyreport/legal/NSLs/15-420184/NSL-15-420184-request-redacted.pdf,
2016-05-16,2020-10-07,Google,422320,https://storage.googleapis.com/transparencyreport/legal/NSLs/16-422320/NSL-16-422320-request-redacted.pdf,
2016-01-27,2020-10-06,Google,420393,https://storage.googleapis.com/transparencyreport/legal/NSLs/16-420393/NSL-16-420393-request-redacted.pdf,
2017-09-13,2020-10-02,Google,431338,https://storage.googleapis.com/transparencyreport/legal/NSLs/17-431338/NSL-17-431338-request-redacted.pdf,
2019-07-15,2020-09-30,Google,479575,https://storage.googleapis.com/transparencyreport/legal/NSLs/19-479575/NSL-19-479575-request-redacted.pdf,
2019-10-02,2020-09-30,Google,497253,https://storage.googleapis.com/transparencyreport/legal/NSLs/19-497253/NSL-19-497253-request-redacted.pdf,
2020-05-13,2020-09-18,Google,511559,https://storage.googleapis.com/transparencyreport/legal/NSLs/20-511559/NSL-20-511559-request-redacted.pdf,
2020-06-06,2020-09-18,Google,512880,https://storage.googleapis.com/transparencyreport/legal/NSLs/20-512880/NSL-20-512880-request-redacted.pdf,
2018-07-31,2020-09-17,Google,448595,https://storage.googleapis.com/transparencyreport/legal/NSLs/18-448595/NSL-18-448595-request-redacted.pdf,
2014-09-25,2020-08-27,Google,395697,https://storage.googleapis.com/transparencyreport/legal/NSLs/14-395697/NSL-14-395697-request-redacted.pdf,
2018-12-18,2020-07-29,Google,466291,https://storage.googleapis.com/transparencyreport/legal/NSLs/18-466291/NSL-18-466291-request-redacted.pdf,
2019-01-31,2020-07-24,Google,468088,https://storage.googleapis.com/transparencyreport/legal/NSLs/19-468088/NSL-19-468088-request-redacted.pdf,
2020-02-21,2020-07-22,Google,507772,https://storage.googleapis.com/transparencyreport/legal/NSLs/20-507772/NSL-20-507772-request-redacted.pdf,
2018-07-30,2020-07-15,Google,452187,https://storage.googleapis.com/transparencyreport/legal/NSLs/18-452187/NSL-18-452187-request-redacted.pdf,
2019-05-14,2020-07-15,Google,480911,https://storage.googleapis.com/transparencyreport/legal/NSLs/19-480911/NSL-19-480911-request-redacted.pdf,
2019-07-23,2020-07-15,Google,483160,https://storage.googleapis.com/transparencyreport/legal/NSLs/19-483160/NSL-19-483160-request-redacted.pdf,
2015-08-28,2020-07-07,Google,416292,https://storage.googleapis.com/transparencyreport/legal/NSLs/15-416292/NSL-15-416292-request-redacted.pdf,
2018-12-11,2020-07-06,Google,465610,https://storage.googleapis.com/transparencyreport/legal/NSLs/18-465610/NSL-18-465610-request-redacted.pdf,
2018-12-31,2020-07-06,Google,467331,https://storage.googleapis.com/transparencyreport/legal/NSLs/18-467331/NSL-18-467331-request-redacted.pdf,
2019-08-20,2020-07-02,Google,494620,https://storage.googleapis.com/transparencyreport/legal/NSLs/19-494620/NSL-19-494620-request-redacted.pdf,
2018-07-13,2020-06-16,Google,451750,https://storage.googleapis.com/transparencyreport/legal/NSLs/18-451750/NSL-18-451750-request-redacted.pdf,
2017-10-31,2020-05-12,Google,433599,https://storage.googleapis.com/transparencyreport/legal/NSLs/17-433599/NSL-17-433599-request-redacted.pdf,
2019-03-28,2020-05-08,Google,476450,https://storage.googleapis.com/transparencyreport/legal/NSLs/19-476450/NSL-19-476450-request-redacted.pdf,
2017-07-03,2020-05-07,Google,430862,https://storage.googleapis.com/transparencyreport/legal/NSLs/17-430862/NSL-17-430862-request-redacted.pdf,
2017-08-03,2020-05-07,Google,430991,https://storage.googleapis.com/transparencyreport/legal/NSLs/17-430991/NSL-17-430991-request-redacted.pdf,
2016-05-27,2020-05-01,Google,422740,https://storage.googleapis.com/transparencyreport/legal/NSLs/16-422740/NSL-16-422740-request-redacted.pdf,
2015-05-12,2020-04-17,Google,408634(a),https://storage.googleapis.com/transparencyreport/legal/NSLs/15-408634(a)/NSL-15-408634(a)-request-redacted.pdf,
2015-05-12,2020-04-17,Google,408634(b),https://storage.googleapis.com/transparencyreport/legal/NSLs/15-408634(b)/NSL-15-408634(b)-request-redacted.pdf,
2018-08-08,2020-04-17,Google,452509,https://storage.googleapis.com/transparencyreport/legal/NSLs/18-452509/NSL-18-452509-request-redacted.pdf,
2018-09-04,2020-04-17,Google,456527,https://storage.googleapis.com/transparencyreport/legal/NSLs/18-456527/NSL-18-456527-request-redacted.pdf,
2017-07-17,2020-04-07,Google,431064,https://storage.googleapis.com/transparencyreport/legal/NSLs/17-431064/NSL-17-431064-request-redacted.pdf,
2019-07-29,2020-04-01,Google,491952,https://storage.googleapis.com/transparencyreport/legal/NSLs/19-491952/NSL-19-491952-request-redacted.pdf,
2018-04-26,2020-03-11,Google,445487,https://storage.googleapis.com/transparencyreport/legal/NSLs/18-445487/NSL-18-445487-request-redacted.pdf,
2017-02-23,2020-02-23,Google,428087,https://storage.googleapis.com/transparencyreport/legal/NSLs/17-428087/NSL-17-428087-request-redacted.pdf,
2014-02-07,2020-02-10,Google,376214,https://storage.googleapis.com/transparencyreport/legal/NSLs/13-376214/NSL-13-376214-request-redacted.pdf,
2014-05-02,2020-02-10,Google,382702,https://storage.googleapis.com/transparencyreport/legal/NSLs/14-382702/NSL-14-382702-request-redacted.pdf,
2016-03-14,2020-02-05,Google,421385,https://storage.googleapis.com/transparencyreport/legal/NSLs/16-421385/NSL-16-421385-request-redacted.pdf,
2017-05-25,2020-01-24,Google,430092,https://storage.googleapis.com/transparencyreport/legal/NSLs/17-430092/NSL-17-430092-request-redacted.pdf,
2018-10-26,2019-12-30,Google,460008,https://storage.googleapis.com/transparencyreport/legal/NSLs/18-460008/NSL-18-460008-request-redacted.pdf,
2017-02-16,2019-12-12,Google,428084,https://storage.googleapis.com/transparencyreport/legal/NSLs/17-428084/NSL-17-428084-request-redacted.pdf,
2017-02-24,2019-12-12,Google,428259,https://storage.googleapis.com/transparencyreport/legal/NSLs/17-428259/NSL-17-428259-request-redacted.pdf,
2017-10-25,2019-12-12,Google,433391,https://storage.googleapis.com/transparencyreport/legal/NSLs/17-433391/NSL-17-433391-request-redacted.pdf,
2017-02-10,2019-12-09,Google,427347,https://storage.googleapis.com/transparencyreport/legal/NSLs/17-427347/NSL-17-427347-request-redacted.pdf,
2018-05-02,2019-09-17,Google,446688(a),https://storage.googleapis.com/transparencyreport/legal/NSLs/18-446688(a)/NSL-18-446688(a)-request-redacted.pdf,
2017-08-28,2019-09-11,Google,431346(a),https://storage.googleapis.com/transparencyreport/legal/NSLs/17-431346(a)/NSL-17-431346(a)-request-redacted.pdf,
2017-08-28,2019-09-11,Google,431346(b),https://storage.googleapis.com/transparencyreport/legal/NSLs/17-431346(b)/NSL-17-431346(b)-request-redacted.pdf,
2016-05-12,2019-08-06,Google,422213,https://storage.googleapis.com/transparencyreport/legal/NSLs/16-422213/NSL-16-422213-request-redacted.pdf,
2016-10-03,2019-06-07,Google,425207,https://storage.googleapis.com/transparencyreport/legal/NSLs/16-425207/NSL-16-425207-request-redacted.pdf,
2012-05-16,2019-05-24,Google,350364,https://storage.googleapis.com/transparencyreport/legal/NSLs/12-350364/NSL-12-350364-request-redacted.pdf,
2018-05-09,2019-05-20,Google,447570,https://storage.googleapis.com/transparencyreport/legal/NSLs/18-447570/NSL-18-447570-request-redacted.pdf,
2016-06-08,2019-05-06,Google,423127,https://storage.googleapis.com/transparencyreport/legal/NSLs/16-423127/NSL-16-423127-request-redacted.pdf,
2018-08-28,2019-05-06,Google,450995,https://storage.googleapis.com/transparencyreport/legal/NSLs/18-450995/NSL-18-450995-request-redacted.pdf,
2018-12-06,2019-05-05,Google,463687,https://storage.googleapis.com/transparencyreport/legal/NSLs/18-463687/NSL-18-463687-request-redacted.pdf,
2018-12-27,2019-05-05,Google,466228,https://storage.googleapis.com/transparencyreport/legal/NSLs/18-466228/NSL-18-466228-request-redacted.pdf,
2018-03-05,2019-04-08,Google,440331,https://storage.googleapis.com/transparencyreport/legal/NSLs/18-440331/NSL-18-440331-request-redacted.pdf,
2016-05-31,2019-02-01,Google,422831,https://storage.googleapis.com/transparencyreport/legal/NSLs/16-422831/NSL-16-422831-request-redacted.pdf,
2018-04-15,2019-02-01,Google,444528,https://storage.googleapis.com/transparencyreport/legal/NSLs/18-444528/NSL-18-444528-request-redacted.pdf,
2013-02-14,2019-01-14,Google,363789,https://storage.googleapis.com/transparencyreport/legal/NSLs/13-363789/NSL-13-363789-request-redacted.pdf,
2018-08-09,2019-01-03,Google,453727,https://storage.googleapis.com/transparencyreport/legal/NSLs/18-453727/NSL-18-453727-request-redacted.pdf,
2015-12-16,2018-12-19,Google,419883,https://storage.googleapis.com/transparencyreport/legal/NSLs/15-419883/NSL-15-419883-request-redacted.pdf,
2015-03-02,2018-11-26,Google,412703,https://storage.googleapis.com/transparencyreport/legal/NSLs/15-412703/NSL-15-412703-request-redacted.pdf,
2016-09-13,2018-11-19,Google,424845,https://storage.googleapis.com/transparencyreport/legal/NSLs/16-424845/NSL-16-424845-request-redacted.pdf,
2015-08-24,2018-11-02,Google,417904,https://storage.googleapis.com/transparencyreport/legal/NSLs/15-417904/NSL-15-417904-request-redacted.pdf,
2017-09-05,2018-05-02,Google,431971(a),https://storage.googleapis.com/transparencyreport/legal/NSLs/17-431971(a)/NSL-17-431971(a)-request-redacted.pdf,
2017-09-05,2018-05-02,Google,431971(b),https://storage.googleapis.com/transparencyreport/legal/NSLs/17-431971(b)/NSL-17-431971(b)-request-redacted.pdf,
2017-11-08,2018-04-13,Google,433558,https://storage.googleapis.com/transparencyreport/legal/NSLs/17-433558/NSL-17-433558-request-redacted.pdf,
2015-03-05,2018-03-29,Google,412214,https://storage.googleapis.com/transparencyreport/legal/NSLs/15-412214/NSL-15-412214-request-redacted.pdf,
2016-01-05,2018-01-22,Google,420122,https://storage.googleapis.com/transparencyreport/legal/NSLs/15-420122/NSL-15-420122-request-redacted.pdf,
2017-08-22,2018-01-11,Google,431900,https://storage.googleapis.com/transparencyreport/legal/NSLs/17-431900/NSL-17-431900-request-redacted.pdf,
2014-03-03,2018-01-10,Google,382011,https://storage.googleapis.com/transparencyreport/legal/NSLs/14-382011/NSL-14-382011-request-redacted.pdf,
2016-05-05,2018-01-09,Google,421854,https://storage.googleapis.com/transparencyreport/legal/NSLs/16-421854/NSL-16-421854-request-redacted.pdf,
2015-01-14,2017-09-25,Google,404710,https://storage.googleapis.com/transparencyreport/legal/NSLs/14-404710/NSL-14-404710-request-redacted.pdf,
2014-12-10,2017-09-11,Google,404670,https://storage.googleapis.com/transparencyreport/legal/NSLs/14-404670/NSL-14-404670-request-redacted.pdf,
2014-08-22,2017-09-07,Google,394005,https://storage.googleapis.com/transparencyreport/legal/NSLs/14-394005/NSL-14-394005-request-redacted.pdf,
2014-09-11,2017-09-07,Google,395338,https://storage.googleapis.com/transparencyreport/legal/NSLs/14-395338/NSL-14-395338-request-redacted.pdf,
2014-09-23,2017-09-07,Google,395538,https://storage.googleapis.com/transparencyreport/legal/NSLs/14-395538/NSL-14-395538-request-redacted.pdf,
2014-11-05,2017-09-07,Google,403866,https://storage.googleapis.com/transparencyreport/legal/NSLs/14-403866/NSL-14-403866-request-redacted.pdf,
2013-02-12,2017-08-31,Google,363616,https://storage.googleapis.com/transparencyreport/legal/NSLs/13-363616/NSL-13-363616-request-redacted.pdf,
2016-03-21,2017-08-18,Google,421359,https://storage.googleapis.com/transparencyreport/legal/NSLs/16-421359/NSL-16-421359_Redacted.pdf,
2016-04-06,2017-07-19,Google,421818,https://storage.googleapis.com/transparencyreport/legal/NSLs/16-421818/NSL-16-421818_Redacted.pdf,
2009-12-29,2017-06-30,Google,264375,https://storage.googleapis.com/transparencyreport/legal/NSLs/09-264375/NSL-09-264375_Redacted.pdf,
2015-08-26,2017-06-29,Google,417720,https://storage.googleapis.com/transparencyreport/legal/NSLs/15-417720/NSL-15-417720_Redacted.pdf,
2013-07-23,2017-02-16,Google,368476,https://storage.googleapis.com/transparencyreport/legal/NSLs/13-368476/NSL-13-368476_Redacted.pdf,
2013-08-07,2017-02-02,Google,371318,https://storage.googleapis.com/transparencyreport/legal/NSLs/13-371318/NSL-13-371318_Redacted.pdf,
2010-12-30,2016-12-19,Google,323210,https://storage.googleapis.com/transparencyreport/legal/NSLs/10-323210/NSL-10-323210_Redacted.pdf,
2014-07-18,2016-12-14,Google,392192,https://storage.googleapis.com/transparencyreport/legal/NSLs/14-392192/NSL-14-392192_Redacted.pdf,
2014-09-02,2016-12-05,Google,394627,https://storage.googleapis.com/transparencyreport/legal/NSLs/14-394627/NSL-14-394627_Redacted.pdf,
2013-08-06,2016-11-14,Google,370805,https://storage.googleapis.com/transparencyreport/legal/NSLs/13-370805/NSL-13-370805_Redacted.pdf,
2014-09-11,2016-11-02,Google,395838,https://storage.googleapis.com/transparencyreport/legal/NSLs/14-395838/NSL-14-395838_Redacted.pdf,
2014-09-11,2016-11-02,Google,396103,https://storage.googleapis.com/transparencyreport/legal/NSLs/14-396103/NSL-14-396103_Redacted.pdf,
2014-09-23,2016-11-02,Google,396300,https://storage.googleapis.com/transparencyreport/legal/NSLs/14-396300/NSL-14-396300_Redacted.pdf,
2013-08-05,2016-10-31,Google,367024,https://storage.googleapis.com/transparencyreport/legal/NSLs/13-367024/NSL-13-367024_Redacted.pdf,
2015-09-21,2016-10-28,Google,418313,https://storage.googleapis.com/transparencyreport/legal/NSLs/15-418313/NSL-15-418313_Redacted.pdf,
2010-03-01,2016-10-11,Google,272979,https://storage.googleapis.com/transparencyreport/legal/NSLs/10-272979/NSL-10-272979_Redacted.pdf,
2015-08-07,2016-09-06,Google,417535,https://storage.googleapis.com/transparencyreport/legal/NSLs/15-417535/NSL-15-417535_Redacted.pdf,
2013-10-31,2016-07-08,Google,375880,https://storage.googleapis.com/transparencyreport/legal/NSLs/13-375880/NSL-13-375880_Redacted.pdf,
